{
  "initialization_date": "2025-08-31T11:32:23.547404+00:00",
  "users_created": [
    {
      "email": "demo@aiinvest.com",
      "password": "demo123",
      "has_portfolio": true
    },
    {
      "email": "newuser@aiinvest.com",
      "password": "demo123",
      "has_portfolio": false
    },
    {
      "email": "test@aiinvest.com",
      "password": "demo123",
      "has_portfolio": false
    }
  ],
  "collections_initialized": [
    "users",
    "trades",
    "market_data"
  ]
}